Test,Comparison,t,df,p,Cohen_d,Mean_Diff,Significant
Paired t-test,Single: Phone vs Lab,12.759093768456815,19,9.132306429860003e-11,2.85302009975634,1422.9528517183608,True
Paired t-test,Multiple: Phone vs Lab,-1.5865489046061558,13,0.1366298875297438,-0.42402303059983776,-98.1283242572938,False
Independent t-test,Phone: Single vs Multiple,12.577548335813294,35,1.52727886659224e-14,4.173757556493406,1766.1082349102571,True
Independent t-test,Lab: Single vs Multiple,4.534616426313653,32,7.642426988547794e-05,1.5801597665030382,222.90272410321177,True
