Test,Comparison,t,df,p,Cohen_d,Mean_Diff,Significant
Paired t-test,Single: Phone vs Lab,17.048714331035512,19,5.675804439743754e-13,3.812208417317025,0.2817848034176329,True
Paired t-test,Multiple: Phone vs Lab,-1.8128535948092295,13,0.09300099637496471,-0.48450550315411767,-0.04041745686039544,False
Independent t-test,Phone: Single vs Multiple,14.984477486583952,35,8.496168712303643e-17,4.972477502762147,0.3964484831680175,True
Independent t-test,Lab: Single vs Multiple,4.59603306638916,32,6.403143374325146e-05,1.6015613790138477,0.06737102586100585,True
