Source,SS,df_effect,df_error,MS,F,p,partial_eta2,Significant
Target Load (Between),0.8597568999319585,1,32,0.8597568999319585,166.58646032515043,3.141931159689193e-14,0.8388611189926765,True
Modality (Within),0.37799111734110663,1,32,0.37799111734110663,124.52171783219455,1.4508394485801546e-12,0.7955555277363688,True
Load x Modality (Interaction),0.427470632763466,1,32,0.427470632763466,140.82176821760268,2.9398705692074145e-13,0.8148381402989218,True
