Game,Metric,Test,Statistic,p,Significant
Single_Phone,RT,Pearson Trend,0.835247952750841,0.00010626271598669615,True
Single_Phone,Accuracy,Spearman Trend,-0.61592754987797,0.014494814179352411,True
Single_Phone,RT,RM ANOVA,12.751941892471864,1.1102230246251565e-16,True
Single_Phone,Accuracy,Friedman,44.26339066339106,5.368160814478216e-05,True
Multiple_Phone,RT,Pearson Trend,0.7317096481987617,0.0029339064276107836,True
Multiple_Phone,Accuracy,Spearman Trend,-0.7494505494505495,0.0020301455491006457,True
Multiple_Phone,RT,RM ANOVA,26.09688237066997,1.1102230246251565e-16,True
Multiple_Phone,Accuracy,Friedman,46.78666666666658,4.300545377333173e-07,True
