label,n,mean,std,skewness,kurtosis,shapiro_W,shapiro_p,is_normal,skew_type
Single_Phone_Mean_Accuracy,21,95.7873407637684,5.564896140977286,-1.4209840675172916,0.936277193757594,0.7616494092804811,0.0001798806212639123,False,Substantially Negative Skew
Single_Lab_Mean_Accuracy,20,100.0,0.0,,,1.0,1.0,True,Unknown
Multiple_Phone_Mean_Accuracy,16,96.37202617174492,2.5339784267062764,-0.24794457550202126,-0.6067859110372948,0.9619949353372513,0.6981101713539707,True,Approximately Symmetric
Multiple_Lab_Mean_Accuracy,14,98.2857142857143,2.4767539511041723,-1.4350313852561363,1.0093715769402891,0.7490463540184367,0.0012503052817601386,False,Substantially Negative Skew
Single_Phone_Mean_RT,21,2957.5548762397443,520.8196346684579,0.4717711512164271,-0.7378965377029654,0.9461057689740724,0.28694951590997486,True,Approximately Symmetric
Single_Lab_Mean_RT,20,1527.1131016667046,162.7070680335465,0.049562989239414657,0.1989812019653603,0.9766210201617523,0.8834576945600169,True,Approximately Symmetric
Multiple_Phone_Mean_RT,16,1856.4556537212786,507.2797110595147,0.8736985532762618,0.5973712704454686,0.9262415268693799,0.2124230824143904,True,Moderately Positive Skew
Multiple_Lab_Mean_RT,14,6413.513096666671,590.7440952454049,-0.18630945972499965,-0.6992814769883613,0.9624919820896133,0.76383745474305,True,Approximately Symmetric
